Metric,permalink,auditComment,类型,Link,vendor judgement,结果分析,AI judgement,Status,AI reason,,,
GenericSCorrectnario,https://crowdintelligence.azurewebsites.net/triaging/v1/permalink?metric=GenericScenario&auditid=42524&build=25102903427014&hitid=396591831&judgeid=3250235,NeedDiscussion- ID 4582992—step 7 unclear.Multi-step needs to be split,No Issue found,link,NeedDiscussion,第4步、第7步属于多步骤，选need discussion,Incorrect,,Step 3 is Incorrect because it does not show the required action of right-clicking the Bing Wallpaper icon in the system tray.,,,
GenericSCorrectnario,https://crowdintelligence.azurewebsites.net/triaging/v1/permalink?metric=GenericScenario&auditid=42524&build=25102403318184&hitid=388348811&judgeid=3241531,Step2:Judge didn't search & add several citIncorrects from different countrIncorrects in the location search box.,No Issue found,link,Incorrect,步骤2中judge操作有误，他没有在位置搜索框中搜索并添加多个城市，而是转到无关页面，因此结果是incorrect。,Incorrect,,"Steps 2 and 3 do not match the required actions; therefore, the overall result is Incorrect.",,,
GenericSCorrectnario,https://crowdintelligence.azurewebsites.net/triaging/v1/permalink?metric=GenericScenario&auditid=42524&build=25102403515456&hitid=395177475&judgeid=3226633,Incorrect-did not navigate to upcoming games card,No Issue found,link,Incorrect,步骤8中judge操作有误，步骤要求judge浏览该联赛即将进行的比赛卡，但是在judge的截图中没有看到即将进行的比赛卡，所以judge没有正确执行第8步。,Incorrect,,Step 3 is Incorrect; the new tab page and refresh action are not shown. All steps must be Correct for a 'No issue found' result.,,,
GenericSCorrectnario,https://crowdintelligence.azurewebsites.net/triaging/v1/permalink?metric=GenericScenario&auditid=42524&build=25102903427014&hitid=396591822&judgeid=3079850,"did not Keep the network OFF
did not Go to system tray in taskbar and click the Bing Wallpaper icon",No Issue found,link,Incorrect,步骤2要求关闭网络进行测试，judge并没有断开网络连接，所以选incorrect。,Incorrect,,Multiple steps do not match the required actions; only the first step is correct.,,,
GenericSCorrectnario,https://crowdintelligence.azurewebsites.net/triaging/v1/permalink?metric=GenericScenario&auditid=42524&build=25102903427014&hitid=396591833&judgeid=3237113,Step 4: Judge did not clicking on Previous/Next button of image.,No Issue found,link,Incorrect,步骤4需要点击“上一个/下一页”按钮浏览图片，judge没有正确执行，选择incorrect。,Incorrect,,"Several steps (2, 3, 7, 8) do not match the required actions or evidenCorrect, so the case is Incorrect.",,,
GenericSCorrectnario,https://crowdintelligence.azurewebsites.net/triaging/v1/permalink?metric=GenericScenario&auditid=42524&build=25102903521070&hitid=396591864&judgeid=3150663,Step 7: Judge reporting wrong issue.,Issue found,link,Incorrect,judge在第7步报了一个问题，但是截图中并未发现问题且comment模糊，因此判断为judge报了错误的问题。,Incorrect,,"Several steps did not execute correctly: a new ad did not load and stopwatch did not restart, 'Close Display Ad' was not clicked, and status indicator did not change to 'Closed'.",,,
GenericSCorrectnario,https://crowdintelligence.azurewebsites.net/triaging/v1/permalink?metric=GenericScenario&auditid=42524&build=25102403318184&hitid=388348795&judgeid=3066789,,Issue found,link,Correct,,Correct,,All steps were executed correctly according to the standard proCorrectdure; no issues found with localization or step execution.,,,
GenericSCorrectnario,https://crowdintelligence.azurewebsites.net/triaging/v1/permalink?metric=GenericScenario&auditid=42524&build=25102403515456&hitid=395177474&judgeid=3226633,,No Issue found,link,Correct,,Incorrect,,"Step 3 was executed unneCorrectssarily, indicating a proCorrectss error.",,,
GenericSCorrectnario,https://crowdintelligence.azurewebsites.net/triaging/v1/permalink?metric=GenericScenario&auditid=42524&build=25102403515456&hitid=395177493&judgeid=3308359,,No Issue found,link,Correct,,Correct,,"All steps are correct, including Edge browser setting steps which are automatically considered correct.",,,
GenericSCorrectnario,https://crowdintelligence.azurewebsites.net/triaging/v1/permalink?metric=GenericScenario&auditid=42524&build=25102403515456&hitid=395177547&judgeid=3226633,,No Issue found,link,Correct,,Correct,,"All steps are correct, including Edge browser setting steps which are automatically considered correct.",,,
GenericSCorrectnario,https://crowdintelligence.azurewebsites.net/triaging/v1/permalink?metric=GenericScenario&auditid=42524&build=25102404028206&hitid=395177993&judgeid=196609,,No Issue found,link,Correct,,Correct,,"All steps are correct, including Edge browser setting steps which are automatically considered correct.",,,
GenericSCorrectnario,https://crowdintelligence.azurewebsites.net/triaging/v1/permalink?metric=GenericScenario&auditid=43579&build=25102603503052&hitid=388698270&judgeid=2761668,Incorrect-did not check ads in Rightrail 2 plaCorrect,No Issue found,link,Incorrect,judge在第4步需要检查Rightrail 2的广告，根据截图judge检查了Rightrail 1的广告，并没有下滑到Rightrail 2的位置，所以judge没有完全做完所有步骤。,Correct,,"All steps are correct, including Edge browser setting steps which are automatically considered correct.",,,
GenericSCorrectnario,https://crowdintelligence.azurewebsites.net/triaging/v1/permalink?metric=GenericScenario&auditid=43579&build=25103003324796&hitid=474689437&judgeid=1831451,Incorrect-did not Open widgets dashboard (press Windows + W key),No Issue found,link,Spam,judge在第一步没有按步骤打开小部件仪表板（按Windows + W键），后续也没有更多操作，这个case应该选spam,Incorrect,,"Multiple steps did not match the required actions, especially around pinning and resizing widgets.",,,
GenericSCorrectnario,https://crowdintelligence.azurewebsites.net/triaging/v1/permalink?metric=GenericScenario&auditid=43579&build=25103003455370&hitid=396611764&judgeid=3007784,Incorrect-did not make sure your browser language is English.,Issue found,link,Incorrect,judge在第一步没有按照要求确保浏览器的语言是英语，judge应按照例图正确更改浏览器语言，但是judge没有按照说明进行更改，因此judge没有正确遵循第1步。,Incorrect,,"Steps 4, 5, and 6 did not meet the standard requirements: the required 'Save X with coupon' annotation and coupon-related UI elements were missing, preventing correct execution of those steps.",,,
GenericSCorrectnario,https://crowdintelligence.azurewebsites.net/triaging/v1/permalink?metric=GenericScenario&auditid=43608&build=25103103431234&hitid=396628747&judgeid=3140294,no action,No Issue found,link,Spam,所有的截图都是相同的，judge没有进行操作，所以应该选择spam,Correct,,All steps are Edge browser setting steps and are automatically considered correct per instructions.,,,
GenericSCorrectnario,https://crowdintelligence.azurewebsites.net/triaging/v1/permalink?metric=GenericScenario&auditid=43638&build=25110103432577&hitid=396647294&judgeid=3302749,copilot case,No Issue found,link,NeedDiscussion,这个场景属于特殊的copilot类型，需要给need discussion,Correct,,"All steps are correct, including the Edge browser setting step which is automatically considered correct.",,,
GenericSCorrectnario,https://crowdintelligence.azurewebsites.net/triaging/v1/permalink?metric=GenericScenario&auditid=43657&build=25110203317090&hitid=356640886&judgeid=3237113,NeedDiscussion- sCorrectnario is outdated/updated.,No Issue found,link,NeedDiscussion,这个场景由于系统更新，测试已经过期，需要给need discussion,Incorrect,,Multiple steps are incorrect and one step needs discussion; the case does not meet the 'No issue found' criteria.,,,
GenericSCorrectnario,https://crowdintelligence.azurewebsites.net/triaging/v1/permalink?metric=GenericScenario&auditid=43657&build=25110203481370&hitid=356640894&judgeid=3237113,can not verify if Repeatedly press the tab key and watch the blNeedDiscussion rectangle focus on all parts,No Issue found,link,NeedDiscussion,由于gs类case没有视频，但是这个case的第三步仅通过截图是无法验证是否judge有反复按 Tab 键，观察黑色矩形框如何依次聚焦搜索框的各个部分，直到它回到起始位置这个动作的，所以选择need discussion。,Incorrect,,All steps are Incorrect because they show the Edge browser interfaCorrect instead of the required Windows Search Box actions.,,,
GenericSCorrectnario,https://crowdintelligence.azurewebsites.net/triaging/v1/permalink?metric=GenericScenario&auditid=43638&build=25110103432577&hitid=396647293&judgeid=3263882,Did not Click on the OneNote item from the menu.,No Issue found,link,Incorrect,步骤4需要点击左上角菜单中的OneNote选项，但是judge并没有点击，从而无法进行下面的步骤，所以judge没有按照步骤执行，选择incorrect。,Correct,,All steps are Edge browser setting steps and are automatically considered correct as instructed.,,,
GenericSCorrectnario,https://crowdintelligence.azurewebsites.net/triaging/v1/permalink?metric=GenericScenario&auditid=43657&build=25110203481370&hitid=356640893&judgeid=3207180,"did not Click on any news article in browser Inspect mode
Inspect should not closed",No Issue found,link,Incorrect,第三步说明了需要将浏览器宽度调整到1100大小，但是从截图中判断judge并没有调整到步骤要求的宽度，选择incorrect,Incorrect,,"There are Incorrect steps (2 and 3), so the overall result is Incorrect.",,,
GenericSCorrectnario,https://crowdintelligence.azurewebsites.net/triaging/v1/permalink?metric=GenericScenario&auditid=42022&build=25101103422128&hitid=394408015&judgeid=196609,"NeedDiscussion - ID 5051408 - step 2, 3 unclear- multiple actions",No Issue found,Link,NeedDiscussion,由于GS没有视频，并且第2步、第3步存在多个步骤，需要分开验证，这类case 属于NeedDiscussion。,Incorrect,,Step 3 and Step 7 are Incorrect due to missing Gmail and FaCorrectbook in the bookmarks bar.,,,
GenericSCorrectnario,https://crowdintelligence.azurewebsites.net/triaging/v1/permalink?metric=GenericScenario&auditid=42044&build=25101203317893&hitid=394459305&judgeid=196609,"Incorrect-did not type ""taskkill /F /IM msedge.exe"" in windows search box",Issue found,Link,NeedDiscussion,场景更新，此类选need discussion,Incorrect,,"Multiple steps were executed incorrectly: Edge was not killed, no Windows prompt appeared, no site was pinned, and required actions were not performed.",,,
GenericSCorrectnario,https://crowdintelligence.azurewebsites.net/triaging/v1/permalink?metric=GenericScenario&auditid=42022&build=25100604456279&hitid=394120912&judgeid=1881041,,No Issue found,Link,Correct,,Correct,,All steps are Edge browser setting steps and are automatically considered correct per instructions.,,,
GenericSCorrectnario,https://crowdintelligence.azurewebsites.net/triaging/v1/permalink?metric=GenericScenario&auditid=42022&build=25101403427349&hitid=396228654&judgeid=2467689,,No Issue found,Link,Correct,,Correct,,All steps were executed correctly according to the provided instructions.,,,
GenericSCorrectnario,https://crowdintelligence.azurewebsites.net/triaging/v1/permalink?metric=GenericScenario&auditid=42022&build=25101403427349&hitid=396228655&judgeid=2961793,,No Issue found,Link,Correct,,Correct,,All steps are correct and match the standard instructions.,,,
GenericSCorrectnario,https://crowdintelligence.azurewebsites.net/triaging/v1/permalink?metric=GenericScenario&auditid=42022&build=25101403428017&hitid=396228646&judgeid=1454832,,No Issue found,Link,Correct,,Correct,,All steps are correct and match the standard instructions.,,,
GenericSCorrectnario,https://crowdintelligence.azurewebsites.net/triaging/v1/permalink?metric=GenericScenario&auditid=42022&build=25101403428017&hitid=396228647&judgeid=3223604,,No Issue found,Link,Correct,,Correct,,All steps are executed correctly according to the standard instructions.,,,
GenericSCorrectnario,https://crowdintelligence.azurewebsites.net/triaging/v1/permalink?metric=GenericScenario&auditid=42022&build=25101403522222&hitid=396230139&judgeid=2669854,,No Issue found,Link,Incorrect,第7步中应该等待30秒，但是根据截图judge没有等待，所以选incorrect。,Incorrect,,Step 8 did not meet the required criteria: the stopwatch did not restart from 0 and a new ad did not load.,,,
GenericSCorrectnario,https://crowdintelligence.azurewebsites.net/triaging/v1/permalink?metric=GenericScenario&auditid=42044&build=25101503388935&hitid=396252883&judgeid=3173556,,No Issue found,Link,Correct,,Incorrect,,Step 4 and Step 8 are incorrect; not all steps are correct.,,,
GenericSCorrectnario,https://crowdintelligence.azurewebsites.net/triaging/v1/permalink?metric=GenericScenario&auditid=42044&build=25101503388935&hitid=396252886&judgeid=3094849,,No Issue found,Link,Correct,,Correct,,All steps are executed correctly and match their respective requirements.,,,
GenericSCorrectnario,https://crowdintelligence.azurewebsites.net/triaging/v1/permalink?metric=GenericScenario&auditid=42044&build=25101503423374&hitid=396252894&judgeid=2789282,,No Issue found,Link,Correct,,Correct,,All steps are correct and match the described actions.,,,
GenericSCorrectnario,https://crowdintelligence.azurewebsites.net/triaging/v1/permalink?metric=GenericScenario&auditid=42044&build=25101503424626&hitid=396252902&judgeid=3225861,,No Issue found,Link,Correct,,Correct,,All steps are correct and match the standard step descriptions.,,,
GenericSCorrectnario,https://crowdintelligence.azurewebsites.net/triaging/v1/permalink?metric=GenericScenario&auditid=42044&build=25101503424626&hitid=396252904&judgeid=1976072,,No Issue found,Link,Correct,,Correct,,All steps are executed correctly according to the instructions.,,,
GenericSCorrectnario,https://crowdintelligence.azurewebsites.net/triaging/v1/permalink?metric=GenericScenario&auditid=42044&build=25101503478730&hitid=396252913&judgeid=3178976,,No Issue found,Link,Correct,,Correct,,All steps are executed correctly according to the provided instructions.,,,
GenericSCorrectnario,https://crowdintelligence.azurewebsites.net/triaging/v1/permalink?metric=GenericScenario&auditid=42044&build=25101103422128&hitid=394408017&judgeid=196609,NeedDiscussion- ID 7062726—step 2 unclear.Multi-step needs to be split,Issue found,Link,NeedDiscussion,由于GS没有视频，并且第2步，第3步，第6步，第11步存在多个步骤，需要分开验证，所以case 属于NeedDiscussion。,Incorrect,,Step 6 is Incorrect because the required sites were not logged in after import; all other steps are Correct.,,,
GenericSCorrectnario,https://crowdintelligence.azurewebsites.net/triaging/v1/permalink?metric=GenericScenario&auditid=42076&build=25100603321280&hitid=394120109&judgeid=2937804,ID 5892754- step 3 unclear- multiple actions,No Issue found,Link,NeedDiscussion,由于GS没有视频，并且第3步存在多个步骤，需要分开验证，所以case 属于NeedDiscussion。,Incorrect,,Step 2 is Incorrect; the required app was not open and covering the search bar.,,,
GenericSCorrectnario,https://crowdintelligence.azurewebsites.net/triaging/v1/permalink?metric=GenericScenario&auditid=42076&build=25092903328414&hitid=393731667&judgeid=2937804,The value is not 7,No Issue found,Link,Incorrect,第十步结果有误，根据test case，该值应该为7，但是judge做出来的结果不是7，应该报一个问题，但是judge没有，所以选择incorrect。,Incorrect,,Step 10 is Incorrect due to a value mismatch for activation sourCorrect.,,,
GenericSCorrectnario,https://crowdintelligence.azurewebsites.net/triaging/v1/permalink?metric=GenericScenario&auditid=42076&build=25100603562523&hitid=394120543&judgeid=2935610,"The value is not 7,is 23",No Issue found,Link,Incorrect,第十步结果有误，根据test case，该值应该为7，但是judge做出来的结果不是7，应该报一个问题，但是judge没有，所以选择incorrect。,NeedDiscussion,,"Step 10 is ambiguous regarding the activation sourCorrect value, so the overall result is NeedDiscussion.",,,
GenericSCorrectnario,https://crowdintelligence.azurewebsites.net/triaging/v1/permalink?metric=GenericScenario&auditid=42076&build=25100903413482&hitid=394289957&judgeid=2714291,"did not choose 'Feature not found,",No Issue found,Link,Incorrect,步骤4明确指出如果顶部横幅位置的广告没有出现，应选择'Feature not found'，但是judge没有正确执行，所以选incorrect。,Correct,Feature not found,"All steps are correct, including Edge browser setting steps which are automatically considered correct.",,,
GenericSCorrectnario,https://crowdintelligence.azurewebsites.net/triaging/v1/permalink?metric=GenericScenario&auditid=42076&build=25101303416236&hitid=394507007&judgeid=2937804,did not Go to the other browser window that is already open.,No Issue found,Link,Correct,did not Go to the other browser window that is already open.,Correct,,"All steps are correct, including all Edge browser setting steps which are automatically considered correct as instructed.",,,
GenericSCorrectnario,https://crowdintelligence.azurewebsites.net/triaging/v1/permalink?metric=GenericScenario&auditid=42061&build=14121100000003&hitid=395838063&judgeid=2990038,,No Issue found,Link,Correct,,Incorrect,,Steps 5 and 9 are incorrect because they do not show the required comparison between the weather forecast page and the timeanddate website.,,,
GenericSCorrectnario,https://crowdintelligence.azurewebsites.net/triaging/v1/permalink?metric=GenericScenario&auditid=42076&build=25100503322926&hitid=394068944&judgeid=2589032,,Feature not found,Link,Correct,,Correct,,"The Traffic widget does not appear in any of the screenshots, nor is it available to add in the widget list. The Judge's selection of 'Feature not found' is correct according to the rules, as the feature genuinely does not appear and cannot be added.",,,
GenericSCorrectnario,https://crowdintelligence.azurewebsites.net/triaging/v1/permalink?metric=GenericScenario&auditid=42076&build=25100603562523&hitid=394120540&judgeid=2935610,Correct,Issue found,Link,Correct,,Incorrect,,"All steps failed to meet the standard requirements: notification was missing, Edge logo was not rendered, new tab action was not evidenCorrectd, and notification disappearanCorrect could not be verifIncorrectd.",,,
GenericSCorrectnario,https://crowdintelligence.azurewebsites.net/triaging/v1/permalink?metric=GenericScenario&auditid=42076&build=25100603562523&hitid=394120542&judgeid=2935610,Correct,Issue found,Link,Correct,,Incorrect,,"Multiple steps did not meet the standard requirements: notification missing, required actions not performed, and expected UI elements not present.",,,
GenericSCorrectnario,https://crowdintelligence.azurewebsites.net/triaging/v1/permalink?metric=GenericScenario&auditid=42076&build=25100903413482&hitid=394289960&judgeid=2935610,,No Issue found,Link,Correct,,Correct,,"All steps are correct, including Edge browser setting steps which are automatically considered correct.",,,
GenericSCorrectnario,https://crowdintelligence.azurewebsites.net/triaging/v1/permalink?metric=GenericScenario&auditid=42076&build=25101003575556&hitid=394344229&judgeid=2937804,,No Issue found,Link,Correct,,Correct,,All steps are correct and match the described actions.,,,
GenericSCorrectnario,https://crowdintelligence.azurewebsites.net/triaging/v1/permalink?metric=GenericScenario&auditid=42076&build=25101003575556&hitid=394344250&judgeid=2935610,,No Issue found,Link,Correct,,Correct,,All steps are Edge browser setting steps and are automatically considered correct.,,,
GenericSCorrectnario,https://crowdintelligence.azurewebsites.net/triaging/v1/permalink?metric=GenericScenario&auditid=42076&build=25101103422128&hitid=394408006&judgeid=2714291,,No Issue found,Link,Correct,,Correct,,All steps were executed correctly according to the instructions.,,,
GenericSCorrectnario,https://crowdintelligence.azurewebsites.net/triaging/v1/permalink?metric=GenericScenario&auditid=42076&build=25101203311657&hitid=394459304&judgeid=2937804,,No Issue found,Link,Correct,,Correct,,All steps are executed correctly according to the standard instructions.,,,
GenericSCorrectnario,https://crowdintelligence.azurewebsites.net/triaging/v1/permalink?metric=GenericScenario&auditid=42076&build=25101303416236&hitid=394507011&judgeid=2935610,,No Issue found,Link,Correct,,Correct,,"All steps are correct, including Edge browser setting steps which are automatically considered correct as instructed.",,,
GenericSCorrectnario,https://crowdintelligence.azurewebsites.net/triaging/v1/permalink?metric=GenericScenario&auditid=42076&build=25101603335048&hitid=396265917&judgeid=2841018,,No Issue found,Link,Correct,,Correct,,All steps are correct and match the standard step descriptions.,,,
GenericSCorrectnario,https://crowdintelligence.azurewebsites.net/triaging/v1/permalink?metric=GenericScenario&auditid=42076&build=25101603335048&hitid=396265921&judgeid=2789282,,No Issue found,Link,Correct,,Correct,,All steps are correct and match the described actions.,,,
GenericSCorrectnario,https://crowdintelligence.azurewebsites.net/triaging/v1/permalink?metric=GenericScenario&auditid=42076&build=25101603335048&hitid=396265922&judgeid=2537993,,No Issue found,Link,Correct,,Correct,,All steps are correct and match the standard instructions.,,,
GenericSCorrectnario,https://crowdintelligence.azurewebsites.net/triaging/v1/permalink?metric=GenericScenario&auditid=42076&build=25101603336597&hitid=396265914&judgeid=3166000,,No Issue found,Link,Correct,,Correct,,All steps are executed correctly and match the standard step descriptions.,,,
GenericSCorrectnario,https://crowdintelligence.azurewebsites.net/triaging/v1/permalink?metric=GenericScenario&auditid=42080&build=14121100000003&hitid=395838049&judgeid=3008254,,Issue found,Link,Correct,,Incorrect,,"The required 'CryptocurrencIncorrects' card is missing in the screenshot for all steps, preventing verification of any required actions or UI elements.",,,
GenericSCorrectnario,https://crowdintelligence.azurewebsites.net/triaging/v1/permalink?metric=GenericScenario&auditid=42081&build=14121100000003&hitid=395838012&judgeid=3139490,,No Issue found,Link,Correct,,Incorrect,,"Several steps (5, 7, 8, 10) do not match the required actions or outcomes, so the overall result is Incorrect.",,,
GenericSCorrectnario,https://crowdintelligence.azurewebsites.net/triaging/v1/permalink?metric=GenericScenario&auditid=42123&build=25101703338812&hitid=396298349&judgeid=3230791,NeedDiscussion-copilot  case,No Issue found,Link,NeedDiscussion,这个场景属于特殊的copilot类型，需要给need discussion,Correct,,"All steps are correct, including the Edge browser setting step which is automatically considered correct.",,,
GenericSCorrectnario,https://crowdintelligence.azurewebsites.net/triaging/v1/permalink?metric=GenericScenario&auditid=42162&build=25101103422128&hitid=394408013&judgeid=2979004,"NeedDiscussion - ID 7149341- step 2, 3  unclear- multiple actions",No Issue found,Link,NeedDiscussion,由于GS没有视频，并且第2步，第3步中存在多个步骤，需要分开验证，所以case 属于NeedDiscussion,Correct,,"All steps are correct, including Edge browser setting steps which are automatically considered correct per instructions.",,,
GenericSCorrectnario,https://crowdintelligence.azurewebsites.net/triaging/v1/permalink?metric=GenericScenario&auditid=42162&build=25101103422128&hitid=394408019&judgeid=2871091,NeedDiscussion - ID 7868973- step 4 unclear- no clear guidanCorrect,Issue found,Link,NeedDiscussion,这个case步骤4写的不清楚，因为第2步给出的例图是Confirm按钮，但是第4步要求点击Got it按钮，这两步不匹配，这个case属于NeedDiscussion,Incorrect,,"Step 4 did not meet the standard requirement due to the absenCorrect of the 'Got it' button, resulting in an overall Incorrect execution.",,,
GenericSCorrectnario,https://crowdintelligence.azurewebsites.net/triaging/v1/permalink?metric=GenericScenario&auditid=42162&build=25101903327070&hitid=330735767&judgeid=3011328,NeedDiscussion-pixels related step is unclear,No Issue found,Link,NeedDiscussion,因为没有视频，无法验证judge是否按照步骤3中要求的浏览器宽度调整到1100像素，所以这个case属于NeedDiscussion,Correct,,All steps are correct and match the requirements.,,,
GenericSCorrectnario,https://crowdintelligence.azurewebsites.net/triaging/v1/permalink?metric=GenericScenario&auditid=42162&build=25101903334778&hitid=396341814&judgeid=2898071,NeedDiscussion - ID 7953165 - step 5 unclear- multiple actions,No Issue found,Link,NeedDiscussion,因为GS因为没有视频，无法验证步骤4中要求的4个stats pills是否可以点击，需要分别进行验证，所以这个case属于NeedDiscussion,Correct,,All steps are executed correctly and match the standard step descriptions.,,,
GenericSCorrectnario,https://crowdintelligence.azurewebsites.net/triaging/v1/permalink?metric=GenericScenario&auditid=42162&build=25101903418311&hitid=394861910&judgeid=1154578,NeedDiscussion-pixels related step is unclear-5719198,No Issue found,Link,NeedDiscussion,因为没有视频，无法验证judge是否按照步骤3中要求的浏览器宽度调整到1100像素，所以这个case属于NeedDiscussion,Incorrect,,"Step 6 is Incorrect due to the number of ads not matching the requirement, and Step 3 is NeedDiscussion due to missing browser size indicator.",,,
GenericSCorrectnario,https://crowdintelligence.azurewebsites.net/triaging/v1/permalink?metric=GenericScenario&auditid=42123&build=25092107033334&hitid=383462051&judgeid=3066789,"did not navigate to ""Marchés actifs"" card",No Issue found,Link,Incorrect,步骤3需要导航到“活跃市场”卡，但judge向下滚动页到Watchlist movers卡，没有再继续向下滚动寻找“活跃市场”卡，因此judge没有正确执行步骤，选择incorrect。,Correct,,All steps are executed correctly and match the standard step descriptions.,,,
GenericSCorrectnario,https://crowdintelligence.azurewebsites.net/triaging/v1/permalink?metric=GenericScenario&auditid=42123&build=25101703336886&hitid=396298356&judgeid=3049898,"The status indicator not say ""Completed"".",No Issue found,Link,Incorrect,"The status indicator not say ""Completed"".",Incorrect,,Steps 8 and 9 do not match the required status indicator value ('Completed').,,,
GenericSCorrectnario,https://crowdintelligence.azurewebsites.net/triaging/v1/permalink?metric=GenericScenario&auditid=42127&build=14121100000003&hitid=395838029&judgeid=1217853,did not Click on News tab and verify if the tab is clickable.,No Issue found,Link,Incorrect,步骤3需要检查该板块是否有四个按钮，judge查询的截图上只有3个按钮，并且下一步需要点击News，该按钮没有出现，judge应该选择feature not found，但是他没有，所以选incorrect。,Incorrect,,"Several steps do not match the required actions, especially regarding tab counts and Google comparison steps.",,,
GenericSCorrectnario,https://crowdintelligence.azurewebsites.net/triaging/v1/permalink?metric=GenericScenario&auditid=42129&build=14121100000003&hitid=395838016&judgeid=1217853,Incorrect-did not choose 'Feature not found' option,No Issue found,Link,Correct,,Incorrect,,Steps 8 and 9 do not match the required actions; Google search and comparison are missing.,,,
GenericSCorrectnario,https://crowdintelligence.azurewebsites.net/triaging/v1/permalink?metric=GenericScenario&auditid=42130&build=14121100000003&hitid=395838007&judgeid=1217853,did not Click on 'Upload Image',No Issue found,Link,Incorrect,步骤5点击“上传图片”按钮，judge只是向下滚动了页面，没有点击按钮选择一张自己的图片作为背景，因此judge没有正常执行所有步骤，选择incorrect。,Correct,,All steps are Edge browser setting steps and are automatically considered correct as instructed.,,,
GenericSCorrectnario,https://crowdintelligence.azurewebsites.net/triaging/v1/permalink?metric=GenericScenario&auditid=42139&build=14121100000003&hitid=395838043&judgeid=267086,did not sign out and continue with next steps.,No Issue found,Link,Incorrect,步骤1要求退出账号未登录状态下测试下面的步骤，并且也给出了正确的例图，但从judge的截图中可以看出，judge并没有退出登录，因此judge没有正确执行所有步骤，选择incorrect。,Correct,,"All steps are correct, including the Edge browser setting step which is automatically considered correct.",,,
GenericSCorrectnario,https://crowdintelligence.azurewebsites.net/triaging/v1/permalink?metric=GenericScenario&auditid=42145&build=14121100000003&hitid=395837977&judgeid=3187186,Incorrect-did not Make sure new password is added in a wallet,No Issue found,Link,Incorrect,judge没有执行第七步，只是打开了页面，但是没有属于新密码，通过前后截图也无法判断出，所以选择incorrect。,Incorrect,,"Steps 10, 11, and 12 do not match the required actions, and step 9 is ambiguous. The case cannot be considered correct.",,,
GenericSCorrectnario,https://crowdintelligence.azurewebsites.net/triaging/v1/permalink?metric=GenericScenario&auditid=42145&build=14121100000003&hitid=395838067&judgeid=3187186,"Incorrect-did not press ""Ctrl"" + ""F"" and enter ""msTranslateVideo"" in the search box.",Issue found,Link,Incorrect,第一步进入网址之后需要点击ctrl + F查找，但是judge只是打开了页面，没有查找步骤要求的内容，所以选incorrect。,Incorrect,,"Multiple steps did not execute the required actions or show the expected UI elements, resulting in incorrect execution throughout the proCorrectss.",,,
GenericSCorrectnario,https://crowdintelligence.azurewebsites.net/triaging/v1/permalink?metric=GenericScenario&auditid=42148&build=14121100000011&hitid=384326762&judgeid=2543997,"did not Click on the second ""Search"" app to open side pane.",Feature not found,Link,Incorrect,步骤1需要点击第二个“搜索”应用打开侧面板，judge没有点击侧边栏上的“搜索”按钮，而是直接在页面中的搜索框中输入搜索内容。因此judge没有正确执行所以步骤，且AI也没有正确识别。,Correct,,"The Judge selected 'Feature not found' because the required blue 'Open in New Tab' button (step 3) and 'Open link in new tab' button in the header (step 4) do not appear in the screenshots. The sidebar search app and its expected controls are missing, and the search results are shown in the main Bing page, not in the sidebar. According to the core rules, if the feature genuinely does not appear, the Judge's selection is correct.",,,
GenericSCorrectnario,https://crowdintelligence.azurewebsites.net/triaging/v1/permalink?metric=GenericScenario&auditid=42167&build=14121100000003&hitid=395838022&judgeid=3243063,,No Issue found,Link,Correct,,Incorrect,,Step 4 is Incorrect due to a column mismatch between the expected and actual table structure.,,,
GenericSCorrectnario,https://crowdintelligence.azurewebsites.net/triaging/v1/permalink?metric=GenericScenario&auditid=42162&build=25100604456279&hitid=394120911&judgeid=2871091,did not scroll down to Check weather answer,No Issue found,Link,Incorrect,步骤2/3要求检查天气答案，明确指出天气答案应存在于顶部或中间位置，但是judge没有向下滚动页面查看天气答案，因此judge没有正确执行，选incorrect。,Correct,incorrect,"All steps are correct, including the Edge browser setting step which is automatically considered correct.",,,
GenericSCorrectnario,https://crowdintelligence.azurewebsites.net/triaging/v1/permalink?metric=GenericScenario&auditid=42162&build=25101004027814&hitid=394344305&judgeid=2871091,did not Make sure there is an image in Google Drive,No Issue found,Link,Correct,,Incorrect,incorrect,"Step 5 is Incorrect; the required action was not shown. Thus, the overall result is Incorrect.",,,
GenericSCorrectnario,https://crowdintelligence.azurewebsites.net/triaging/v1/permalink?metric=GenericScenario&auditid=42162&build=25101903511088&hitid=474170421&judgeid=2685324,"did not make sure your account does not have a phone number under ""Account alias""",Issue found,Link,Correct,,Incorrect,correct,"Multiple steps were executed incorrectly: wrong page in step 1, incorrect button/action in step 3, and missing phone number prompt in step 5.",,,
GenericSCorrectnario,https://crowdintelligence.azurewebsites.net/triaging/v1/permalink?metric=GenericScenario&auditid=42162&build=25101903386055&hitid=396341913&judgeid=3267451,"did not Type ""taskkill /F /IM msedge.exe"" in windows search box",No Issue found,Link,NeedDiscussion,由于系统升级，这个case已经过期，属于NeedDiscussion,Incorrect,NeedDiscussion,Step 1 is Incorrect; all steps must be Correct for a 'No issue found' conclusion.,,,
GenericSCorrectnario,https://crowdintelligence.azurewebsites.net/triaging/v1/permalink?metric=GenericScenario&auditid=42140&build=25101803464805&hitid=396323491&judgeid=3150663,,No Issue found,Link,Correct,,Correct,,All steps are executed correctly and match the standard step descriptions.,,,
GenericSCorrectnario,https://crowdintelligence.azurewebsites.net/triaging/v1/permalink?metric=GenericScenario&auditid=42141&build=14121100000004&hitid=384326640&judgeid=79315,,No Issue found,Link,Correct,,Correct,,"All steps are correct, including Edge browser setting steps which are automatically considered correct.",,,
,https://crowdintelligence.azurewebsites.net/triaging/v1/permalink?metric=GenericScenario&auditid=41947&build=25101203469426&hitid=396202228&judgeid=3272158,,NAS,Link,NeedDiscussion,无法通过第5/6步的截图看出下拉菜单是否有关注或者取消关注的结果，这类无法通过截图来判断的，选need discussion。,,,,,,
GenericSCorrectnario,https://crowdintelligence.azurewebsites.net/triaging/v1/permalink?metric=GenericScenario&auditid=42162&build=25100903413482&hitid=394289960&judgeid=2871091,,No Issue found,Link,Correct,,Correct,,"All steps are correct, including Edge browser setting steps which are automatically considered correct.",,,
GenericSCorrectnario,https://crowdintelligence.azurewebsites.net/triaging/v1/permalink?metric=GenericScenario&auditid=42162&build=25101903328466&hitid=396341793&judgeid=3077975,,No Issue found,Link,Correct,,Correct,,"All steps are executed correctly according to the requirements, with no issues found.",,,
GenericSCorrectnario,https://crowdintelligence.azurewebsites.net/triaging/v1/permalink?metric=GenericScenario&auditid=42165&build=14121100000006&hitid=395838124&judgeid=2573176,"did not choose 'Feature not found' option, when the ad card in top banner plaCorrectment.",No Issue found,Link,Incorrect,步骤4需要检查顶部横幅位置的广告，如果广告卡出现，选择'Feature not found'，但是judge没有遵循要求，没有正确选择'Feature not found'，所以是incorrect。,Correct,,"All steps are correct, including Edge browser setting steps which are automatically considered correct.",,,
GenericSCorrectnario,https://crowdintelligence.azurewebsites.net/triaging/v1/permalink?metric=GenericScenario&auditid=42182&build=25102003324070&hitid=476707889&judgeid=1473706,Incorrect-did not write a query in the area marked with the arrow,No Issue found,Link,Incorrect,步骤2中截图中有两个搜索框，但是例图很明确的圈出来了一个，但是judge并没有在圈出来的搜索框中搜索，而是以错误的方式执行了步骤，所以选incorrect。,Incorrect,,Step 5 is Incorrect due to a spelling mismatch in the logged search term.,,,
GenericSCorrectnario,https://crowdintelligence.azurewebsites.net/triaging/v1/permalink?metric=GenericScenario&auditid=42147&build=14121100000011&hitid=384326690&judgeid=2543997,NeedDiscussion-pixels related step is unclear,Issue found,Link,NeedDiscussion,第三步没有告诉judge如何调整浏览器窗口大小，让judge误以为调整整个浏览器显示的大小，属于步骤不清晰，这种情况选need discussion。,Incorrect,,Step 6 is Incorrect because the required three ads in the 'Sponsored Content' section are not present; only one ad is visible.,,,
GenericSCorrectnario,https://crowdintelligence.azurewebsites.net/triaging/v1/permalink?metric=GenericScenario&auditid=42183&build=14121100000003&hitid=395838030&judgeid=3187186,Incorrect-did not make Toggle off and close edge.,No Issue found,Link,Incorrect,步骤3要求拨动开关应该关闭，judge的截图没有关闭此按钮，因此judge没有正确执行第3步，选择incorrect。,Correct,,"All steps are correct, including all Edge browser setting steps which are automatically considered correct as instructed.",,,
GenericSCorrectnario,https://crowdintelligence.azurewebsites.net/triaging/v1/permalink?metric=GenericScenario&auditid=42186&build=14121100000011&hitid=384326749&judgeid=2746571,did not check ads in Riverdb plaCorrectment,No Issue found,Link,Incorrect,步骤4让检查文章页面里的广告部分，在第三步点击文章之后没有往下滑动检查，截图也没有对应区域，所以应该选incorrect。,Correct,,"All steps are correct, including Edge browser setting steps which are automatically considered correct.",,,
GenericSCorrectnario,https://crowdintelligence.azurewebsites.net/triaging/v1/permalink?metric=GenericScenario&auditid=42168&build=14121100000004&hitid=384326639&judgeid=3301598,NeedDiscussion-not sure if Disable any adblocker extension that are enabled,Feature not found,Link,Correct,,Correct,,"Step 4 explicitly instructs to select 'Feature not found' if the rightrail 2 plaCorrectment ad card does not appear, and the screenshot confirms that no ad is present in the rightrail 2 area. The Judge's selection of 'Feature not found' is therefore correct according to the core rules. All other steps are either Edge browser settings (Step 2, automatically correct) or do not involve feature-not-found logic. No steps are spam, ambiguous, or incorrect.",,,
GenericSCorrectnario,https://crowdintelligence.azurewebsites.net/triaging/v1/permalink?metric=GenericScenario&auditid=41752&build=25100604156485&hitid=473483371&judgeid=2685324,"judge didn't scroll the entire page to check, and if not there judge should report, highlight wrong",No Issue found,Link,Incorrect,test case里提到judge需要检查页面顶部和中间部分是否存在天气卡片，但是judge只检查了页面顶部，没有往下滑检查中间是否存在，所以应该选incorrect。,Correct,,"All steps are correct, including the Edge browser setting step which is automatically correct.",,,
GenericSCorrectnario,https://crowdintelligence.azurewebsites.net/triaging/v1/permalink?metric=GenericScenario&auditid=41757&build=14121100000007&hitid=475544242&judgeid=1626187,"step 2, judge didn't follow the step to open Developer tools,",No Issue found,Link,Incorrect,judge没有执行第二步应该打开Developer tools的操作，所以选incorrect。,Incorrect,,"There are Incorrect and NeedDiscussion steps, so the case cannot be considered correct.",,,
GenericSCorrectnario,https://crowdintelligence.azurewebsites.net/triaging/v1/permalink?metric=GenericScenario&auditid=41788&build=25100604169035&hitid=385863074&judgeid=3066796,Judge did not scroll down and find video cards in the feed.,No Issue found,Link,Correct,,Incorrect,,"Steps 5, 6, and 7 did not meet the required conditions for video prevIncorrectw playbNeedDiscussion.",,,
GenericSCorrectnario,https://crowdintelligence.azurewebsites.net/triaging/v1/permalink?metric=GenericScenario&auditid=41788&build=25100705379307&hitid=356604006&judgeid=3309288,"step 3, judge clicked on ad card",Feature not found,Link,Incorrect,第三步步骤里说明需要打开一篇文章，但是judge打开的不是文章而是广告页面，所以才找不到例图区域。judge因为错误的操作报了一个错误的问题，所以选incorrect。,Correct,,"Step 4 explicitly instructs to select 'Feature not found' if the River plaCorrectment ad card is not present on the opened article page. The screenshot for Step 4 shows the opened article page without any River plaCorrectment ad card, so the Judge's selection of 'Feature not found' is correct according to the rules.",,,
GenericSCorrectnario,https://crowdintelligence.azurewebsites.net/triaging/v1/permalink?metric=GenericScenario&auditid=41788&build=25100705415998&hitid=396115908&judgeid=3007784,"There is no River plaCorrectment, judge should choose FNF option.",No Issue found,Link,Correct,,Correct,,"All steps are correct, including Edge browser setting steps and content verification steps.",,,
GenericSCorrectnario,https://crowdintelligence.azurewebsites.net/triaging/v1/permalink?metric=GenericScenario&auditid=41788&build=25100705415998&hitid=396115913&judgeid=3236809,judge did not choose an article card and open it.,No Issue found,Link,Incorrect,第三步步骤里说明需要打开一篇文章，但是judge没有操作动作，所以选incorrect。,Incorrect,,"Steps 3, 4, and 5 are Incorrect because the required actions were not performed or shown.",,,
GenericSCorrectnario,https://crowdintelligence.azurewebsites.net/triaging/v1/permalink?metric=GenericScenario&auditid=41788&build=25100705518168&hitid=396115924&judgeid=3310851,judge did not choose an article card and open it.,No Issue found,Link,Incorrect,第三步明确说明了要打开一篇文章，但是judge打开了产品页面，没有要找的广告部分，所以选incorrect。,Correct,,"All steps are correct, including Edge browser setting steps which are automatically considered correct.",,,
GenericSCorrectnario,https://crowdintelligence.azurewebsites.net/triaging/v1/permalink?metric=GenericScenario&auditid=41788&build=25100706222162&hitid=473509040&judgeid=2521182,"judge is on copilot discover page, not on MSN page,",Feature not found,Link,Incorrect,第二步judge并没有按照步骤将浏览器改成要求的黑暗模式，只是打开了对应外观的页面，所以选incorrect。,Correct,,"Step 3 explicitly instructs to select 'Feature not found' if the ad card in River plaCorrectment does not appear. The screenshot for Step 3 does not show any ad card in the River plaCorrectment, only news and content cards. The Judge's selection of 'Feature not found' is therefore correct according to the rules. All other steps are Edge browser settings/configuration steps and are automatically considered correct. No spam or ambiguity is present.",,,
GenericSCorrectnario,https://crowdintelligence.azurewebsites.net/triaging/v1/permalink?metric=GenericScenario&auditid=41722&build=25100503323261&hitid=385734864&judgeid=2992258,,Issue found,Link,Correct,,Incorrect,,Multiple steps failed due to missing Windows prompt and absenCorrect of pinned site; required actions could not be performed.,,,
GenericSCorrectnario,https://crowdintelligence.azurewebsites.net/triaging/v1/permalink?metric=GenericScenario&auditid=41722&build=25100503326906&hitid=385734856&judgeid=3183235,,No Issue found,Link,Correct,,Correct,,All steps are executed correctly and match the standard step descriptions.,,,
GenericSCorrectnario,https://crowdintelligence.azurewebsites.net/triaging/v1/permalink?metric=GenericScenario&auditid=41722&build=25100503429924&hitid=385734866&judgeid=3308252,,No Issue found,Link,Correct,,Correct,,All steps are executed correctly according to the standard instructions.,,,
GenericSCorrectnario,https://crowdintelligence.azurewebsites.net/triaging/v1/permalink?metric=GenericScenario&auditid=41746&build=14121100000009&hitid=473157686&judgeid=3231523,,Issue found,Link,Correct,,Incorrect,,"Steps 5 and 7 did not meet the standard requirements: the popup did not close after clicking 'AcCorrectpt', and the 'Microsoft Bing' popup was not displayed when required.",,,
GenericSCorrectnario,https://crowdintelligence.azurewebsites.net/triaging/v1/permalink?metric=GenericScenario&auditid=41752&build=25100603323037&hitid=385863034&judgeid=3202652,,No Issue found,Link,Correct,,Correct,,All steps are Edge browser setting steps and automatically considered correct per instructions.,,,
GenericSCorrectnario,https://crowdintelligence.azurewebsites.net/triaging/v1/permalink?metric=GenericScenario&auditid=41752&build=25100603425473&hitid=385863040&judgeid=2810839,,No Issue found,Link,Correct,,Correct,,All steps are executed correctly according to the standard instructions.,,,
GenericSCorrectnario,https://crowdintelligence.azurewebsites.net/triaging/v1/permalink?metric=GenericScenario&auditid=41752&build=25100604031819&hitid=385863052&judgeid=3268610,,No Issue found,Link,Correct,,Correct,,"All steps are correct, including Edge browser setting steps which are automatically considered correct.",,,
GenericSCorrectnario,https://crowdintelligence.azurewebsites.net/triaging/v1/permalink?metric=GenericScenario&auditid=41752&build=25100604031819&hitid=385863057&judgeid=1292088,,No Issue found,Link,Correct,,Correct,,"All steps are correct, including the Edge browser setting step which is automatically considered correct.",,,
GenericSCorrectnario,https://crowdintelligence.azurewebsites.net/triaging/v1/permalink?metric=GenericScenario&auditid=41752&build=25100604038011&hitid=385863060&judgeid=3102151,,No Issue found,Link,Correct,,Incorrect,,"At least one step is Incorrect, so the overall result is Incorrect.",,,
GenericSCorrectnario,https://crowdintelligence.azurewebsites.net/triaging/v1/permalink?metric=GenericScenario&auditid=41752&build=25100604198741&hitid=385863082&judgeid=3206766,,No Issue found,Link,Correct,,Correct,,"All steps are correct, including Edge browser setting steps which are automatically considered correct.",,,
GenericSCorrectnario,https://crowdintelligence.azurewebsites.net/triaging/v1/permalink?metric=GenericScenario&auditid=41752&build=25100604198741&hitid=385863084&judgeid=3314555,,No Issue found,Link,Correct,,Incorrect,,There are Incorrect steps (5 and 7) due to title quality and duplication issues.,,,
GenericSCorrectnario,https://crowdintelligence.azurewebsites.net/triaging/v1/permalink?metric=GenericScenario&auditid=41752&build=25100604198741&hitid=385863086&judgeid=3226658,,No Issue found,Link,Correct,,Correct,,"All steps are correct, including Edge browser setting steps which are automatically considered correct.",,,
GenericSCorrectnario,https://crowdintelligence.azurewebsites.net/triaging/v1/permalink?metric=GenericScenario&auditid=41752&build=25100604203653&hitid=396090628&judgeid=1260199,,No Issue found,Link,Correct,,Correct,,"All steps are correct, including Edge browser setting steps which are automatically considered correct.",,,
GenericSCorrectnario,https://crowdintelligence.azurewebsites.net/triaging/v1/permalink?metric=GenericScenario&auditid=41752&build=25100604203653&hitid=396090630&judgeid=1324486,,No Issue found,Link,Correct,,Correct,,"All steps are correct, including Edge browser setting steps which are automatically considered correct.",,,
GenericSCorrectnario,https://crowdintelligence.azurewebsites.net/triaging/v1/permalink?metric=GenericScenario&auditid=41752&build=25100604203653&hitid=396090632&judgeid=2465126,,No Issue found,Link,Correct,,Correct,,"All steps are correct, including Edge browser setting steps which are automatically considered correct.",,,
GenericSCorrectnario,https://crowdintelligence.azurewebsites.net/triaging/v1/permalink?metric=GenericScenario&auditid=41752&build=25100605455795&hitid=396090770&judgeid=3266354,,No Issue found,Link,Incorrect,右侧judge的截图中圈出来的是right rail部分的广告，但是第四步中例图中给的是顶部的广告，judge检查的区域有误，所以选incorrect。,Correct,,"All steps are correct, including Edge browser setting steps which are automatically considered correct.",,,
GenericSCorrectnario,https://crowdintelligence.azurewebsites.net/triaging/v1/permalink?metric=GenericScenario&auditid=41752&build=25100605455795&hitid=396090773&judgeid=1260199,,No Issue found,Link,Correct,,Correct,,"All steps are correct, including Edge browser setting steps which are automatically considered correct.",,,
GenericSCorrectnario,https://crowdintelligence.azurewebsites.net/triaging/v1/permalink?metric=GenericScenario&auditid=41788&build=25100604267372&hitid=475951071&judgeid=2746617,,No Issue found,Link,Correct,,Correct,,"All steps are correct, including Edge browser setting steps which are automatically considered correct.",,,
GenericSCorrectnario,https://crowdintelligence.azurewebsites.net/triaging/v1/permalink?metric=GenericScenario&auditid=41788&build=25100705379307&hitid=356604009&judgeid=3217500,,Issue found,Link,Correct,,correct,,"All steps are correct, including Edge browser setting steps which are automatically considered correct.",,,
GenericSCorrectnario,https://crowdintelligence.azurewebsites.net/triaging/v1/permalink?metric=GenericScenario&auditid=42182&build=25102003414177&hitid=387728859&judgeid=2656462,step 2 did not Go to url on InPrivate mode.  report wrong issue,Issue found,Link,Correct,,Incorrect,,"Step 7 did not display the required 'Microsoft Bing' popup, resulting in an incorrect execution.",,,
GenericSCorrectnario,https://crowdintelligence.azurewebsites.net/triaging/v1/permalink?metric=GenericScenario&auditid=41788&build=25100705406477&hitid=413606959&judgeid=3000733,"NeedDiscussion-ID 5365590 step 4 unclear .There are ad should continue, and no ad choose FNF.",Feature not found,Link,NeedDiscussion,"步骤4Please choose 'Feature not found' option, if the ad card in top banner placement. 逻辑错误，因此可以属于特殊案例给NeedDiscussion。",Correct,,"The Judge's selection of 'Feature not found' is correct for Step 4 because the screenshot shows no ad in the Top banner plaCorrectment, matching the explicit instruction to select 'Feature not found' if the ad card is not present. All other steps are either Edge browser settings (Steps 1 and 2, automatically correct), or are executed as described (Steps 3, 5, and 6). No issues or spam are present.",,,
GenericSCorrectnario,https://crowdintelligence.azurewebsites.net/triaging/v1/permalink?metric=GenericScenario&auditid=41788&build=25100705596245&hitid=330572721&judgeid=3296901,"NeedDiscussion-ID 5365529 step 4 unclear .There are ad should continue, and no ad choose FNF.",Feature not found,Link,NeedDiscussion,"步骤4Please choose 'Feature not found' option, if the ad card in top banner placement. 逻辑错误，因此可以属于特殊案例给NeedDiscussion。",Incorrect,,"The Judge selected 'Feature not found' in Step 4, stating that only a sponsor was found and not an ad in the Top banner plaCorrectment. However, the actual screenshot for Step 4 clearly shows an advertisement in the Top banner plaCorrectment (the large Equelle ad with 'スポンサー' label), which matches the standard step's requirement. According to the core rules, if the feature (ad in top banner) DOES appear and the Judge selects 'Feature not found', this is a misjudgment and must be marked Incorrect.",,,
GenericSCorrectnario,https://crowdintelligence.azurewebsites.net/triaging/v1/permalink?metric=GenericScenario&auditid=41752&build=25100603556724&hitid=330554899&judgeid=1567832,Incorrect-judge report wrong issue .there is precipitation,Issue found,Link,Correct,,Incorrect,,"Step 4 is Incorrect because the weather card does not display rain info or animation as required, even though all other steps are Correct.",,,
GenericSCorrectnario,https://crowdintelligence.azurewebsites.net/triaging/v1/permalink?metric=GenericScenario&auditid=41752&build=25100603562523&hitid=394120551&judgeid=2225579,did not check ads in River plaCorrectment,Feature not found,Link,Incorrect,judge在步骤 3 中选择了“Feature not found”，并表示未找到river ad。然而，步骤 3 的实际截图清晰地显示river ad，所以报告错误问题，应该选择incorrect。,Incorrect,,"The Judge selected 'Feature not found' for Step 3, stating 'Ich konnte dIncorrect River-Karte nicht finden.' However, the actual screenshot for Step 3 clearly shows the River plaCorrectment card (the area outlined in red contains multiple ad cards in the River section). According to the rules, if the feature appears and the Judge selects 'Feature not found,' this is a misjudgment and must be marked Incorrect.",,,
GenericSCorrectnario,https://crowdintelligence.azurewebsites.net/triaging/v1/permalink?metric=GenericScenario&auditid=41752&build=25100604393080&hitid=330554954&judgeid=2781208,step  3 did not turn it off,Issue found,Link,Incorrect,judge在第三步并没有按照步骤关掉按钮，所以选incorrect。,Incorrect,,"Step 10 contains a value mismatch for activation_sourCorrect (expected 7, found 1), making the overall result Incorrect.",,,
GenericSCorrectnario,https://crowdintelligence.azurewebsites.net/triaging/v1/permalink?metric=GenericScenario&auditid=41752&build=25100604393080&hitid=330554960&judgeid=2743698,Incorrect-judge report wrong issue there are ads in In article plaCorrectment,Feature not found,Link,Incorrect,judge对步骤 4 的comment是“Feature not found”，因为他认为文章中没有广告卡片，但截图中却显示了一张广告卡片，符合预期的“文章中广告”。因此，法官选择“Feature not found”是错误的，因为该功能确实出现在截图中。,Incorrect,,"The Judge's comment for Step 4 states 'Feature not found' because there were no advertising cards plaCorrectd within the article, but a promotional card is displayed in the screenshot. The standard step specifically asks to select 'Feature not found' only if the in-article plaCorrectment card is not found. The screenshot for Step 4 clearly shows a promotional card (ad) plaCorrectd within the article content, matching the expected 'in article plaCorrectment' ad. Therefore, the Judge's selection of 'Feature not found' is incorrect, as the feature does appear in the screenshot.",,,
GenericSCorrectnario,https://crowdintelligence.azurewebsites.net/triaging/v1/permalink?metric=GenericScenario&auditid=41789&build=14121100000007&hitid=475544209&judgeid=2087333,"did not Click on the second ""Search"" app to open side pane.",No Issue found,Link,Incorrect,步骤1点击侧边栏的搜索图标，但是judge没有点，所以选incorrect,Incorrect,,At least one non-Edge-setting step is Incorrect.,,,
GenericSCorrectnario,https://crowdintelligence.azurewebsites.net/triaging/v1/permalink?metric=GenericScenario&auditid=41805&build=14121100000004&hitid=384326625&judgeid=2704479,not see tooltips on hover,No Issue found,Link,NeedDiscussion,由于GS没有视频验证，所以我们无法从图片中判断judge是否将鼠标悬浮在了卡片上，所以应该被标记为NeedDiscussion。,Correct,,All steps are Edge browser setting steps and automatically considered correct as instructed.,,,
GenericSCorrectnario,https://crowdintelligence.azurewebsites.net/triaging/v1/permalink?metric=GenericScenario&auditid=41809&build=14121100000004&hitid=384326611&judgeid=3166125,"Incorrect-did not open a new tab, search a query and click the address bar.",No Issue found,Link,Incorrect,第7步中judge没有打开新标签页，没有进行搜索查询，也没有点击地址栏，所以选incorrect。,Correct,,"All steps are correct, including Edge browser setting steps which are automatically considered correct as instructed.",,,
GenericSCorrectnario,https://crowdintelligence.azurewebsites.net/triaging/v1/permalink?metric=GenericScenario&auditid=41823&build=25100803329840&hitid=476052919&judgeid=1320484,Incorrect-did not confirm that the button takes you to the Google Chrome store.judge takes microsoft page,No Issue found,Link,Incorrect,第6步错误，因为该按钮指向的是 Microsoft Edge 插件商店，而不是 Google Chrome 商店，所以选incorrect。,Incorrect,,Step 6 is incorrect because the button led to the Microsoft Edge Add-ons store instead of the Google Chrome store.,,,
GenericSCorrectnario,https://crowdintelligence.azurewebsites.net/triaging/v1/permalink?metric=GenericScenario&auditid=41823&build=25100803429974&hitid=394236250&judgeid=2225579,Incorrect-did not click on the later button and confirm if the pop up closes.,Issue found,Link,Incorrect,第3步judge没有点击“稍后”按钮，也没有确认弹出窗口是否关闭，因此选incorrect。,Incorrect,,"At least one step was executed incorrectly: navigation was done in Edge instead of Chrome Incognito, the required Chrome Store was not reached, and the popup was not closed as required.",,,
GenericSCorrectnario,https://crowdintelligence.azurewebsites.net/triaging/v1/permalink?metric=GenericScenario&auditid=41841&build=14121100000008&hitid=330419532&judgeid=2776779,Incorrect-did not open some web pages.,No Issue found,Link,Incorrect,第2步让打开一些页面，属于多步骤，右侧judge只打开了一个新的页面，没有按照步骤执行第二步，因此选incorrect。,Correct,,"All steps are correct, including Edge browser setting steps which are automatically considered correct.",,,
GenericSCorrectnario,https://crowdintelligence.azurewebsites.net/triaging/v1/permalink?metric=GenericScenario&auditid=41722&build=25100503394532&hitid=413595152&judgeid=3000733,,No Issue found,Link,Correct,,Correct,,All steps are correct and there are no issues found.,,,
GenericSCorrectnario,https://crowdintelligence.azurewebsites.net/triaging/v1/permalink?metric=GenericScenario&auditid=41752&build=25100603514397&hitid=413597023&judgeid=1971742,,No Issue found,Link,Correct,,Correct,,All steps are executed correctly according to the instructions and screenshots.,,,
GenericSCorrectnario,https://crowdintelligence.azurewebsites.net/triaging/v1/permalink?metric=GenericScenario&auditid=41752&build=25100603542375&hitid=413597018&judgeid=2839138,,Feature not found,Link,Correct,,Correct,,"Step 4 explicitly instructs to select 'Feature not found' if the In article plaCorrectment card is not found. The screenshot for Step 4 does not show any in-article ad plaCorrectment, only article content and social media embeds. Therefore, the Judge's selection of 'Feature not found' is correct according to the rules.",,,
,https://crowdintelligence.azurewebsites.net/triaging/v1/permalink?metric=GenericScenario&auditid=41788&build=25100705415998&hitid=396115910&judgeid=3201309,,NAS,Link,spam,图片完全一样，没有标记也没有任何有意义的操作，选spam,,,,,,
,https://crowdintelligence.azurewebsites.net/triaging/v1/permalink?metric=GenericScenario&auditid=41865&build=25100903428948&hitid=396146302&judgeid=2879363,,NAS,Link,NeedDiscussion,第四步例图中圈出了两个部分的广告，容易误导judge做错，这种类型选need discussion,,,,,,
,https://crowdintelligence.azurewebsites.net/triaging/v1/permalink?metric=GenericScenario&auditid=41891&build=25101003436154&hitid=413625675&judgeid=3000733,,NAS,Link,NeedDiscussion,第4步中提到的 :“Pass the testcase if you didn't find Rightrail placement card. ”属于过时测试步骤，需要更新，遇到这种选择need discussion。,,,,,,
,https://crowdintelligence.azurewebsites.net/triaging/v1/permalink?metric=GenericScenario&auditid=41926&build=25101103414346&hitid=330622923&judgeid=1242980,,NAS,Link,NeedDiscussion,由于GS没有视频，并且第2步存在多个步骤，需要分开验证，这类case 属于NeedDiscussion。,,,,,,
GenericSCorrectnario,https://crowdintelligence.azurewebsites.net/triaging/v1/permalink?metric=GenericScenario&auditid=41752&build=25100603556724&hitid=330554900&judgeid=3187428,did not check ads in rightrail 2 plaCorrectment,No Issue found,Link,Incorrect,第四步参考例图中已经圈出来了需要检查的广告，但是judge没有往下滑动检查步骤要求的广告，所以选incorrect。,Correct,,"All steps are correct, including Edge browser setting steps and ad verification steps.",,,
,https://crowdintelligence.azurewebsites.net/triaging/v1/permalink?metric=GenericScenario&auditid=44461&build=25112003314695&hitid=396968254&judgeid=2841617,,NAS,Link,spam,"图片完全一样，没有标记也没有任何操作,选择spam",,,,,,
,https://crowdintelligence.azurewebsites.net/triaging/v1/permalink?metric=GenericScenario&auditid=44461&build=25112003317256&hitid=356671388&judgeid=2933962,,NAS,Link,spam,"图片完全一样，没有标记也没有任何操作,选择spam",,,,,,
,https://crowdintelligence.azurewebsites.net/triaging/v1/permalink?metric=GenericScenario&auditid=44461&build=25110804161943&hitid=396177597&judgeid=2620059,,NAS,Link,NeedDiscussion,步骤 3无法验证屏幕是否大于或等于 1920 * 1080，选择need discussion。,,,,,,
,https://crowdintelligence.azurewebsites.net/triaging/v1/permalink?metric=GenericScenario&auditid=43755&build=25110503311640&hitid=396714544&judgeid=3122856,,NAS,Link,spam,judge没有标记也没有任何操作，最后一步操作无意义，与步骤无关，选spam,,,,,,
,https://crowdintelligence.azurewebsites.net/triaging/v1/permalink?metric=GenericScenario&auditid=43755&build=25110503316216&hitid=475328276&judgeid=1422099,,NAS,Link,spam,图片完全一样，没有任何操作，最后一张图中的标记像随意划上，无意义操作，选spam,,,,,,
,https://crowdintelligence.azurewebsites.net/triaging/v1/permalink?metric=GenericScenario&auditid=43788&build=25102503518718&hitid=395249138&judgeid=3226633,,NAS,Link,NeedDiscussion,第四步例图中圈出了两个部分的广告，容易误导judge做错，这种类型选need discussion,,,,,,
,https://crowdintelligence.azurewebsites.net/triaging/v1/permalink?metric=GenericScenario&auditid=43788&build=25102504006484&hitid=388489071&judgeid=793157,,NAS,Link,NeedDiscussion,第四步例图中圈出了两个部分的广告，容易误导judge做错，这种类型选need discussion,,,,,,
,https://crowdintelligence.azurewebsites.net/triaging/v1/permalink?metric=GenericScenario&auditid=43788&build=25110603372174&hitid=478005027&judgeid=590172,,NAS,Link,NeedDiscussion,第四步例图中圈出了两个部分的广告，容易误导judge做错，这种类型选need discussion,,,,,,
,https://crowdintelligence.azurewebsites.net/triaging/v1/permalink?metric=GenericScenario&auditid=43788&build=25110603468599&hitid=396739565&judgeid=3166110,,NAS,Link,NeedDiscussion,由于GS没有视频，并且第2步存在多个步骤，这类case 属于NeedDiscussion。,,,,,,
,https://crowdintelligence.azurewebsites.net/triaging/v1/permalink?metric=GenericScenario&auditid=43788&build=25110604209045&hitid=356647655&judgeid=3259105,,NAS,Link,NeedDiscussion,第5步test case中pass the test case属于过期指令需更新，遇到可选择need discussion,,,,,,
,https://crowdintelligence.azurewebsites.net/triaging/v1/permalink?metric=GenericScenario&auditid=41891&build=25101003413822&hitid=473752265&judgeid=1967923,,NAS,Link,NeedDiscussion,第3步test case中pass this task.属于过期指令需更新，遇到可选择need discussion,,,,,,
,https://crowdintelligence.azurewebsites.net/triaging/v1/permalink?metric=GenericScenario&auditid=41926&build=25101103313141&hitid=330622841&judgeid=3072016,,NAS,Link,NeedDiscussion,第5步通过截图无法判断是否将鼠标悬浮并打开dashboard，选择need discussion,,,,,,
,https://crowdintelligence.azurewebsites.net/triaging/v1/permalink?metric=GenericScenario&auditid=41926&build=25101103422128&hitid=394408017&judgeid=1154578,,NAS,Link,NeedDiscussion,第二步和第三步存在多个步骤，这类case 属于NeedDiscussion。,,,,,,
,https://crowdintelligence.azurewebsites.net/triaging/v1/permalink?metric=GenericScenario&auditid=41926&build=25092803321866&hitid=384774445&judgeid=3151964,,NAS,Link,NeedDiscussion,最后一步通过图片无法验证是否悬浮，选needdiscussion,,,,,,
,https://crowdintelligence.azurewebsites.net/triaging/v1/permalink?metric=GenericScenario&auditid=42190&build=14121100000003&hitid=395837981&judgeid=3047603,,NAS,Link,Spam,图片完全一样，没有标记也没有任何有意义的操作，选择spam,,,,,,
,https://crowdintelligence.azurewebsites.net/triaging/v1/permalink?metric=GenericScenario&auditid=44645&build=25112403312646&hitid=397170864&judgeid=2841617,,NAS,Link,Spam,图片完全一样，没有标记也没有任何有意义的操作，选择spam,,,,,,
,https://crowdintelligence.azurewebsites.net/triaging/v1/permalink?metric=GenericScenario&auditid=44645&build=25112403312646&hitid=397170865&judgeid=2841617,,NAS,Link,Spam,图片完全一样，没有标记也没有任何有意义的操作，选择spam,,,,,,
,https://crowdintelligence.azurewebsites.net/triaging/v1/permalink?metric=GenericScenario&auditid=44687&build=25112504025033&hitid=397233504&judgeid=773460,,NAS,Link,Spam,图片完全一样，没有标记也没有任何有意义的操作，选择spam,,,,,,
,https://crowdintelligence.azurewebsites.net/triaging/v1/permalink?metric=GenericScenario&auditid=42309&build=25102303534749&hitid=474299377&judgeid=2651548,,NAS,Link,Spam,没有任何有意义的操作，步骤让点击按钮也没有点，往下滑动之后没有进行任何操作，步骤没有要求往下滑，所以属于无意义操作，判定为spam,,,,,,
,https://crowdintelligence.azurewebsites.net/triaging/v1/permalink?metric=GenericScenario&auditid=42309&build=25102303534749&hitid=474299383&judgeid=1831408,,NAS,Link,Spam,没有任何有意义的操作，步骤让点击按钮也没有点，往下滑动之后没有进行任何操作，步骤没有要求往下滑，所以属于无意义操作，判定为spam,,,,,,
,https://crowdintelligence.azurewebsites.net/triaging/v1/permalink?metric=GenericScenario&auditid=42309&build=25102303532996&hitid=396427080&judgeid=3229061,,NAS,Link,NeedDiscussion,第2步then then pass this test case.属于过期指令需更新，遇到可选择need discussion,,,,,,
,https://crowdintelligence.azurewebsites.net/triaging/v1/permalink?metric=GenericScenario&auditid=42309&build=25102303536272&hitid=388210196&judgeid=448767,,NAS,Link,NeedDiscussion,第3步judge在截图中没有截到连接电脑电源的部分，所以无法判断是否连接，选择need discussion,,,,,,
,https://crowdintelligence.azurewebsites.net/triaging/v1/permalink?metric=GenericScenario&auditid=42359&build=25102404054247&hitid=356628524&judgeid=3225787,,NAS,Link,Spam,图片完全一样，没有标记也没有任何有意义的操作，选择spam,,,,,,
,https://crowdintelligence.azurewebsites.net/triaging/v1/permalink?metric=GenericScenario&auditid=42359&build=25102403315706&hitid=474330472&judgeid=3296769,,NAS,Link,NeedDiscussion,第4步中先后点击勾号加号属于多步骤操作，选择need discussion,,,,,,
,https://crowdintelligence.azurewebsites.net/triaging/v1/permalink?metric=GenericScenario&auditid=42359&build=25102403422713&hitid=396458118&judgeid=2381688,,NAS,Link,NeedDiscussion,最后一步通过图片无法验证是否悬浮，选needdiscussion,,,,,,
,https://crowdintelligence.azurewebsites.net/triaging/v1/permalink?metric=GenericScenario&auditid=42359&build=25102403488406&hitid=474330794&judgeid=2945369,,NAS,Link,NeedDiscussion,第四步例图中圈出了两个部分的广告，容易误导judge做错，这种类型选need discussion,,,,,,
,https://crowdintelligence.azurewebsites.net/triaging/v1/permalink?metric=GenericScenario&auditid=42359&build=25102403527603&hitid=356628338&judgeid=2955981,,NAS,Link,NeedDiscussion,步骤四让重复前面的步骤，通过图片无法验证judge是否重复步骤 1、2、3 共 5 次，选择need discussion,,,,,,
,https://crowdintelligence.azurewebsites.net/triaging/v1/permalink?metric=GenericScenario&auditid=42419&build=25102503314401&hitid=477076864&judgeid=2758859,,NAS,Link,NeedDiscussion,第三步多步骤，选择need discussion,,,,,,
,https://crowdintelligence.azurewebsites.net/triaging/v1/permalink?metric=GenericScenario&auditid=42359&build=25102404021469&hitid=396459832&judgeid=2381688,,NAS,Link,Spam ,图片完全一样，没有标记也没有任何有意义的操作，选择spam,,,,,,
,https://crowdintelligence.azurewebsites.net/triaging/v1/permalink?metric=GenericScenario&auditid=42359&build=25102404021469&hitid=396459846&judgeid=2381688,,NAS,Link,Spam ,图片完全一样，没有标记也没有任何有意义的操作，选择spam,,,,,,
,https://crowdintelligence.azurewebsites.net/triaging/v1/permalink?metric=GenericScenario&auditid=41289&build=25092209074169&hitid=356569614&judgeid=3008940,,NAS,Link,Spam ,截图虽然不完全一致，但是与步骤无关，无意义操作，选择spam,,,,,,
,https://crowdintelligence.azurewebsites.net/triaging/v1/permalink?metric=GenericScenario&auditid=41350&build=25092403339251&hitid=395817224&judgeid=2381688,,NAS,Link,Spam,图片完全一样，没有标记也没有任何有意义的操作，选择spam,,,,,,
,https://crowdintelligence.azurewebsites.net/triaging/v1/permalink?metric=GenericScenario&auditid=41373&build=14121100000004&hitid=384326568&judgeid=2814231,,NAS,Link,Spam,图片完全一样，没有标记也没有任何有意义的操作，选择spam,,,,,,
,https://crowdintelligence.azurewebsites.net/triaging/v1/permalink?metric=GenericScenario&auditid=41375&build=14121100000003&hitid=395838013&judgeid=3193974,,NAS,Link,Spam,图片完全一样，没有标记也没有任何有意义的操作，选择spam,,,,,,
,https://crowdintelligence.azurewebsites.net/triaging/v1/permalink?metric=GenericScenario&auditid=41408&build=14121100000004&hitid=384326591&judgeid=1748023,,NAS,Link,Spam,图片完全一样，没有标记也没有任何有意义的操作，选择spam,,,,,,
,https://crowdintelligence.azurewebsites.net/triaging/v1/permalink?metric=GenericScenario&auditid=41423&build=14121100000003&hitid=395838013&judgeid=1748023,,NAS,Link,Spam,图片完全一样，没有标记也没有任何有意义的操作，选择spam,,,,,,
,https://crowdintelligence.azurewebsites.net/triaging/v1/permalink?metric=GenericScenario&auditid=41183&build=25092107483587&hitid=469320073&judgeid=3152645,,NAS,Link,Spam,图片完全一样，没有标记也没有任何有意义的操作，选择spam,,,,,,
,https://crowdintelligence.azurewebsites.net/triaging/v1/permalink?metric=GenericScenario&auditid=41183&build=25092108453000&hitid=394197652&judgeid=2909415,,NAS,Link,Spam,截图不完全一致，但是属于页面加载过程中的截图，无意义操作，选择spam,,,,,,
,,,,,,,,,,,,
,,,,,,,,,,,,
,,,,,,,,,,,,
,,,,,, ,,,,,,
